<?xml version="1.0" encoding="UTF-8" standalone="no"?>
<Entities>
    <ExtensionPackages>
        <ExtensionPackage dependsOn="" description="" minimumThingWorxVersion="8.3.0" name="CardWidgetExtension" packageVersion="1.0.0" vendor=""> 
        </ExtensionPackage>
    </ExtensionPackages>
    <Widgets>
        <Widget name="coldchaincard">
            <UIResources>
                <FileResource description="" file="coldchaincard.ide.js" isDevelopment="true" isRuntime="false" type="JS"/>
                <FileResource description="" file="coldchaincard.ide.css" isDevelopment="true" isRuntime="false" type="CSS"/>
                <FileResource description="" file="coldchaincard.runtime.js" isDevelopment="false" isRuntime="true" type="JS"/>
                <FileResource description="" file="coldchaincard.runtime.css" isDevelopment="false" isRuntime="true" type="CSS"/>
            </UIResources>
        </Widget>
    </Widgets>
</Entities>
